,p-unc,sig code
og_acc,1.501742691429443e-13,***
pm_acc,1.845817988402633e-12,***
rt,1.6785505388295253e-19,***
pmCost,1.9644294527539224e-10,***
