subj,pm_cost,blockType
s01,0.1770452740458569,Monitor
s02,0.2215259788031948,Monitor
s03,0.161868008323529,Monitor
s04,0.10662316393037752,Monitor
s05,0.16241499050967467,Monitor
s06,0.16494834134401093,Monitor
s07,0.16114642078586983,Monitor
s08,0.11823070088741439,Monitor
s09,0.10459645292171216,Monitor
s10,0.14422201859734707,Monitor
s11,0.2403125487523271,Monitor
s12,0.20030716506365154,Monitor
s13,0.12541373974218584,Monitor
s14,-0.05960383458368035,Monitor
s15,0.193365723336554,Monitor
s16,0.03151025973378996,Monitor
s17,0.14675061922653987,Monitor
s18,0.1609593020031188,Monitor
s19,0.1414761107355046,Monitor
s20,0.13055616273986748,Monitor
s21,,Monitor
