,p-unc,sig code
og_acc,5.573987566252501e-14,***
pm_acc,6.310690315548949e-13,***
rt,1.6785505388295253e-19,***
pmCost,1.9644294527539224e-10,***
