,p-unc,sig code
og_acc,9.82039643693192e-27,***
pm_acc,6.79830470113423e-27,***
rt,6.747898364021037e-41,***
pmCost,5.1334669756568015e-23,***
