,p-unc,sig code
og_acc,9.901672034458501e-27,***
pm_acc,5.8448284000846816e-27,***
rt,6.096966560416395e-41,***
pmCost,5.1334669756567603e-23,***
