,p-unc,sig code
og_acc,9.82039643693192e-27,***
pm_acc,6.79830470113423e-27,***
rt,1.6703121459457365e-39,***
pmCost,5.9331680591065785e-18,***
